Ano,Mês,AnoF,T_INMET,T_ICEA,UR_INMET,UR_ICEA
1961,1,15/01/1961,26.38,,80.3,
1961,2,15/02/1961,26.54,,79.6,
1961,3,15/03/1961,26.70,,78.3,
1961,4,15/04/1961,26.65,,77.7,
1961,5,15/05/1961,25.50,,73.0,
1961,6,15/06/1961,22.78,,67.9,
1961,7,15/07/1961,23.34,,58.6,
1961,8,15/08/1961,27.72,,40.7,
1961,9,15/09/1961,28.90,,49.1,
1961,10,15/10/1961,27.69,,65.1,
1961,11,15/11/1961,27.37,,72.4,
1961,12,15/12/1961,26.92,,75.7,
1962,1,15/01/1962,26.43,,8.13,
1962,2,15/02/1962,26.85,,79.2,
1962,3,15/03/1962,27.18,,73.1,
1962,4,15/04/1962,26.13,,78.2,
1962,5,15/05/1962,24.49,,70.7,
1962,6,15/06/1962,22.36,,69.3,
1962,7,15/07/1962,20.55,,65.2,
1962,8,15/08/1962,25.37,,52.7,
1962,9,15/09/1962,27.94,,61.5,
1962,10,15/10/1962,26.43,,66.5,
1962,11,15/11/1962,28.49,,60.0,
1962,12,15/12/1962,26.34,,8.14,
1963,1,15/01/1963,26.39,,78.8,
1963,2,15/02/1963,26.24,,81.5,
1963,3,15/03/1963,26.34,,80.1,
1963,4,15/04/1963,26.57,,77.0,
1963,5,15/05/1963,24.75,25.39,69.1,44.8
1963,6,15/06/1963,22.97,24.9,66.0,61.0
1963,7,15/07/1963,23.63,25.71,53.0,51.5
1963,8,15/08/1963,26.74,28.59,45.8,26.4
1963,9,15/09/1963,28.01,29.36,49.1,56.2
1963,10,15/10/1963,29.04,31.36,56.7,52.2
1963,11,15/11/1963,28.10,29.51,68.2,61.9
1963,12,15/12/1963,28.49,29.84,66.5,63.5
1964,1,15/01/1964,27.64,28.44,76.9,71.9
1964,2,15/02/1964,27.46,28.25,76.5,75.6
1964,3,15/03/1964,26.70,27.63,80.2,75.6
1964,4,15/04/1964,27.59,28.76,71.1,70.0
1964,5,15/05/1964,24.57,25.8,70.6,69.1
1964,6,15/06/1964,23.51,24.73,63.0,63.4
1964,7,15/07/1964,22.70,23.76,59.3,63.2
1964,8,15/08/1964,27.69,29.25,44.1,44.0
1964,9,15/09/1964,27.46,28.96,54.0,51.4
1964,10,15/10/1964,26.44,27.48,68.5,63.4
1964,11,15/11/1964,27.01,27.7,70.4,65.2
1964,12,15/12/1964,26.44,27.52,73.4,71.9
1965,1,15/01/1965,26.57,27.45,76.0,73.0
1965,2,15/02/1965,26.54,27.47,78.3,76.2
1965,3,15/03/1965,25.36,26.37,78.3,75.9
1965,4,15/04/1965,25.90,26.92,79.1,72.4
1965,5,15/05/1965,25.67,26.84,73.8,73.4
1965,6,15/06/1965,25.10,26.65,64.4,66.0
1965,7,15/07/1965,23.96,25.2,6.3,64.0
1965,8,15/08/1965,26.33,27.76,48.0,52.0
1965,9,15/09/1965,27.44,28.5,57.0,58.8
1965,10,15/10/1965,27.19,28.15,6.9,67.1
1965,11,15/11/1965,27.07,28.12,71.2,67.7
1965,12,15/12/1965,27.09,27.99,74.3,70.9
1966,1,15/01/1966,27.30,27.89,75.5,72.8
1966,2,15/02/1966,26.33,27.09,80.6,77.3
1966,3,15/03/1966,26.91,27.5,74.8,68.8
1966,4,15/04/1966,26.45,27.82,71.3,63.2
1966,5,15/05/1966,25.49,26.68,76.1,69.8
1966,6,15/06/1966,24.68,26.04,60.5,57.4
1966,7,15/07/1966,24.61,26.3,55.8,55.0
1966,8,15/08/1966,24.32,26.13,48.5,46.7
1966,9,15/09/1966,26.83,28.38,52.7,48.0
1966,10,15/10/1966,28.07,29.77,66.5,59.6
1966,11,15/11/1966,28.12,29.56,67.6,61.5
1966,12,15/12/1966,28.44,29.39,68.8,66.5
1967,1,15/01/1967,27.49,28.59,71.6,67.6
1967,2,15/02/1967,26.15,27.96,84.0,71.7
1967,3,15/03/1967,26.37,28.08,85.0,70.8
1967,4,15/04/1967,25.64,27.01,83.6,71.6
1967,5,15/05/1967,23.66,27.53,75.2,56.8
1967,6,15/06/1967,22.02,24.56,77.5,62.2
1967,7,15/07/1967,22.37,26.27,68.1,56.1
1967,8,15/08/1967,25.11,29.12,56.7,43.3
1967,9,15/09/1967,28.03,30.34,55.2,44.8
1967,10,15/10/1967,27.83,30.06,65.8,53.0
1967,11,15/11/1967,26.88,29,76.7,59.3
1967,12,15/12/1967,26.88,28.34,76.2,65.6
1968,1,15/01/1968,26.19,27.99,81.1,65.0
1968,2,15/02/1968,25.62,27.06,86.8,75.3
1968,3,15/03/1968,25.98,27.69,82.2,69.9
1968,4,15/04/1968,23.72,26.02,81.3,73.4
1968,5,15/05/1968,20.93,24.07,79.0,71.0
1968,6,15/06/1968,21.78,26.19,73.6,62.9
1968,7,15/07/1968,22.03,26.61,65.2,56.3
1968,8,15/08/1968,24.92,27.75,62.0,55.0
1968,9,15/09/1968,24.49,26.61,67.3,58.8
1968,10,15/10/1968,27.01,29.22,74.2,60.1
1968,11,15/11/1968,28.04,30.11,73.0,60.1
1968,12,15/12/1968,26.12,27.5,82.7,74.7
1969,1,15/01/1969,26.58,28.37,80.0,69.7
1969,2,15/02/1969,26.61,28.02,83.1,73.6
1969,3,15/03/1969,26.72,28.78,80.3,70.0
1969,4,15/04/1969,26.11,28.54,78.3,71.0
1969,5,15/05/1969,24.55,27.77,77.4,63.1
1969,6,15/06/1969,23.03,25.76,71.7,68.4
1969,7,15/07/1969,21.83,26.32,60.5,58.5
1969,8,15/08/1969,23.83,27.01,52.2,53.3
1969,9,15/09/1969,28.04,30.18,55.3,52.2
1969,10,15/10/1969,26.94,28.5,70.1,65.1
1969,11,15/11/1969,27.43,28.84,75.2,67.0
1969,12,15/12/1969,26.94,28.54,78.8,71.2
1970,1,15/01/1970,27.19,28.83,78.8,70.9
1970,2,15/02/1970,26.33,27.5,83.0,78.3
1970,3,15/03/1970,26.47,28.95,80.9,71.5
1970,4,15/04/1970,26.30,28.41,81.6,72.6
1970,5,15/05/1970,23.58,26.15,81.3,70.8
1970,6,15/06/1970,22.74,26.52,77.0,57.0
1970,7,15/07/1970,21.36,25.37,69.7,59.3
1970,8,15/08/1970,23.56,27.75,56.2,44.7
1970,9,15/09/1970,27.11,29.39,60.7,55.3
1970,10,15/10/1970,27.52,29.6,67.5,63.9
1970,11,15/11/1970,27.77,29.92,67.3,59.2
1970,12,15/12/1970,27.15,29.4,75.0,58.1
1971,1,15/01/1971,26.57,27.9,78.9,64.5
1971,2,15/02/1971,25.59,27.16,82.4,75.7
1971,3,15/03/1971,26.06,27.8,83.1,75.6
1971,4,15/04/1971,24.88,27.08,81.3,70.5
1971,5,15/05/1971,22.78,25.06,85.2,76.0
1971,6,15/06/1971,20.92,24.12,81.7,63.8
1971,7,15/07/1971,21.88,25.81,74.0,61.8
1971,8,15/08/1971,23.21,27.12,62.3,46.1
1971,9,15/09/1971,27.09,29.75,60.2,55.6
1971,10,15/10/1971,25.90,27.35,7.13,66.8
1971,11,15/11/1971,26.44,28.14,76.5,70.8
1971,12,15/12/1971,26.64,28.32,76.3,69.5
1972,1,15/01/1972,26.08,27.83,78.0,71.2
1972,2,15/02/1972,25.88,27.38,82.8,64.6
1972,3,15/03/1972,26.57,28.06,80.5,63.7
1972,4,15/04/1972,23.99,26.61,80.5,71.0
1972,5,15/05/1972,24.95,28.48,76.9,65.0
1972,6,15/06/1972,23.25,27.1,75.1,66.5
1972,7,15/07/1972,22.16,25.48,71.9,62.5
1972,8,15/08/1972,24.63,26.78,62.5,56.5
1972,9,15/09/1972,27.19,29.17,63.6,51.2
1972,10,15/10/1972,27.52,29.27,67.4,59.7
1972,11,15/11/1972,27.29,28.38,79.4,72.0
1972,12,15/12/1972,27.08,28.77,81.7,73.1
1973,1,15/01/1973,27.67,29.48,80.1,71.2
1973,2,15/02/1973,27.06,28.66,83.8,76.3
1973,3,15/03/1973,27.38,29.4,81.7,73.8
1973,4,15/04/1973,26.89,29.71,79.4,71.0
1973,5,15/05/1973,23.39,26.38,80.5,71.0
1973,6,15/06/1973,23.95,27.23,78.9,66.7
1973,7,15/07/1973,21.24,24.35,69.5,61.9
1973,8,15/08/1973,24.42,26.03,57.4,58.5
1973,9,15/09/1973,27.17,28.55,57.3,59.8
1973,10,15/10/1973,27.63,29.55,67.5,66.4
1973,11,15/11/1973,26.71,27.99,79.5,76.1
1973,12,15/12/1973,26.56,27.82,79.6,73.9
1974,1,15/01/1974,25.98,27.57,83.7,77.7
1974,2,15/02/1974,26.37,27.64,80.4,75.4
1974,3,15/03/1974,25.57,26.67,85.0,79.3
1974,4,15/04/1974,25.00,26.18,84.5,81.4
1974,5,15/05/1974,23.73,25.63,77.1,72.1
1974,6,15/06/1974,24.41,26.2,72.5,69.0
1974,7,15/07/1974,22.54,24.87,61.4,58.9
1974,8,15/08/1974,26.04,27.36,56.8,58.6
1974,9,15/09/1974,26.16,27,59.4,60.7
1974,10,15/10/1974,27.24,28.3,61.2,62.3
1974,11,15/11/1974,27.50,28.78,66.5,64.8
1974,12,15/12/1974,26.26,27.05,79.7,77.7
1975,1,15/01/1975,26.53,27.41,79.1,75.2
1975,2,15/02/1975,26.38,27.65,80.2,75.0
1975,3,15/03/1975,26.21,27.46,81.8,77.6
1975,4,15/04/1975,25.93,27.13,81.7,78.7
1975,5,15/05/1975,23.52,24.94,75.9,74.1
1975,6,15/06/1975,23.19,24.98,70.1,68.7
1975,7,15/07/1975,22.45,23.88,58.5,59.9
1975,8,15/08/1975,25.38,27.09,54.5,55.2
1975,9,15/09/1975,27.84,29.2,57.5,57.5
1975,10,15/10/1975,27.24,28.64,63.3,61.2
1975,11,15/11/1975,26.13,27.39,78.6,76.1
1975,12,15/12/1975,26.35,27.73,76.1,73.0
1976,1,15/01/1976,26.88,27.58,73.7,72.4
1976,2,15/02/1976,26.04,26.51,81.3,79.5
1976,3,15/03/1976,25.33,26.11,80.7,78.4
1976,4,15/04/1976,25.24,26.57,79.1,76.7
1976,5,15/05/1976,24.11,25.58,79.9,76.9
1976,6,15/06/1976,21.74,23.42,73.2,71.8
1976,7,15/07/1976,22.97,24.86,60.8,59.4
1976,8,15/08/1976,25.44,27.08,52.7,52.7
1976,9,15/09/1976,25.35,26.15,63.2,64.4
1976,10,15/10/1976,26.87,27.82,68.3,65.7
1976,11,15/11/1976,26.07,27.04,77.1,74.3
1976,12,15/12/1976,26.28,27.56,79.1,76.7
1977,1,15/01/1977,26.11,27.28,82.1,78.5
1977,2,15/02/1977,25.70,26.96,81.3,77.8
1977,3,15/03/1977,26.82,28.42,7.9,73.2
1977,4,15/04/1977,25.03,26.46,81.4,75.9
1977,5,15/05/1977,22.96,24.61,78.8,72.8
1977,6,15/06/1977,23.62,24.88,77.1,72.9
1977,7,15/07/1977,24.74,27.47,64.7,61.1
1977,8,15/08/1977,25.04,26.89,58.1,57.9
1977,9,15/09/1977,26.11,27.55,68.6,62.4
1977,10,15/10/1977,26.25,28.08,73.8,66.1
1977,11,15/11/1977,26.68,28.42,76.9,71.6
1977,12,15/12/1977,26.50,27.65,81.7,73.0
1978,1,15/01/1978,26.48,27.74,8.0,73.1
1978,2,15/02/1978,27.14,27.25,79.8,77.6
1978,3,15/03/1978,26.60,28.41,80.2,72.1
1978,4,15/04/1978,26.32,27.46,77.1,75.8
1978,5,15/05/1978,24.31,25.93,75.6,71.5
1978,6,15/06/1978,23.37,25.87,70.9,63.2
1978,7,15/07/1978,25.09,27.83,63.1,56.2
1978,8,15/08/1978,22.79,24.33,54.4,53.0
1978,9,15/09/1978,26.26,28.23,63.1,59.8
1978,10,15/10/1978,27.46,28.01,68.0,68.3
1978,11,15/11/1978,26.83,27.3,77.0,75.2
1978,12,15/12/1978,26.66,27.33,7.9,76.5
1979,1,15/01/1979,26.40,27.56,,78.8
1979,2,15/02/1979,26.68,27.51,,77.8
1979,3,15/03/1979,26.36,27.63,,78.8
1979,4,15/04/1979,25.35,26.23,,77.7
1979,5,15/05/1979,24.63,26.33,,70.8
1979,6,15/06/1979,21.82,24.14,,65.4
1979,7,15/07/1979,23.73,26.12,64.8,59.0
1979,8,15/08/1979,26.23,29.42,54.5,47.5
1979,9,15/09/1979,26.25,27.85,64.2,62.9
1979,10,15/10/1979,28.34,29.74,64.4,62.8
1979,11,15/11/1979,27.09,28.15,72.4,64.2
1979,12,15/12/1979,26.83,27.13,,77.4
1980,1,15/01/1980,26.86,27.05,81.0,77.5
1980,2,15/02/1980,26.25,26.63,85.9,83.5
1980,3,15/03/1980,26.78,27.9,79.5,76.3
1980,4,15/04/1980,26.42,28.25,79.7,71.2
1980,5,15/05/1980,25.17,26.97,,70.2
1980,6,15/06/1980,23.35,24,75.1,72.2
1980,7,15/07/1980,22.80,24.78,69.3,63.6
1980,8,15/08/1980,25.85,27.27,6.0,56.7
1980,9,15/09/1980,25.48,27.09,62.3,58.3
1980,10,15/10/1980,28.22,29.76,63.9,59.5
1980,11,15/11/1980,26.42,27.61,77.7,72.3
1980,12,15/12/1980,26.36,26.34,,78.4
1981,1,15/01/1981,26.45,27.49,81.1,77.2
1981,2,15/02/1981,26.18,27.18,,76.3
1981,3,15/03/1981,26.54,27.42,,77.3
1981,4,15/04/1981,26.55,27.94,75.3,70.8
1981,5,15/05/1981,25.73,27.69,713.4,63.4
1981,6,15/06/1981,21.87,23.35,,71.4
1981,7,15/07/1981,20.75,22.28,,61.2
1981,8,15/08/1981,25.28,27.55,,50.7
1981,9,15/09/1981,25.04,26.99,,55.5
1981,10,15/10/1981,27.38,28.08,74.3,68.2
1981,11,15/11/1981,27.20,28.04,75.8,73.4
1981,12,15/12/1981,26.72,26.84,79.7,79.1
1982,1,15/01/1982,26.33,27.11,83.8,78.8
1982,2,15/02/1982,26.32,27.03,81.7,77.6
1982,3,15/03/1982,26.05,26.9,84.6,83.0
1982,4,15/04/1982,25.79,26.7,83.2,75.6
1982,5,15/05/1982,24.27,23.84,,75.6
1982,6,15/06/1982,24.15,26.36,,66.3
1982,7,15/07/1982,24.47,27.43,,55.9
1982,8,15/08/1982,25.24,27.2,,61.9
1982,9,15/09/1982,25.64,26.7,77.2,67.7
1982,10,15/10/1982,27.46,28.75,79.8,68.7
1982,11,15/11/1982,27.22,27.92,79.0,72.5
1982,12,15/12/1982,26.80,27.54,84.6,73.5
1983,1,15/01/1983,26.95,27.34,85.5,79.0
1983,2,15/02/1983,27.51,27.99,82.9,77.1
1983,3,15/03/1983,26.80,27.35,79.3,78.0
1983,4,15/04/1983,27.19,27.61,83.4,76.1
1983,5,15/05/1983,26.12,26.97,78.1,72.3
1983,6,15/06/1983,22.08,22.18,86.4,80.5
1983,7,15/07/1983,23.04,23.7,79.0,68.7
1983,8,15/08/1983,22.93,24.23,74.3,59.9
1983,9,15/09/1983,25.46,25.72,76.0,65.4
1983,10,15/10/1983,25.75,26.07,82.6,74.0
1983,11,15/11/1983,25.62,25.85,83.8,79.0
1983,12,15/12/1983,26.22,26.72,85.7,76.5
1984,1,15/01/1984,26.74,27.25,84.4,74.7
1984,2,15/02/1984,26.20,26.59,84.6,78.3
1984,3,15/03/1984,26.60,26.82,86.0,80.4
1984,4,15/04/1984,25.41,25.39,81.6,82.2
1984,5,15/05/1984,25.17,25.77,79.0,76.0
1984,6,15/06/1984,22.72,23.65,73.1,69.8
1984,7,15/07/1984,23.56,24.81,61.2,58.5
1984,8,15/08/1984,23.40,24.32,6.0,58.2
1984,9,15/09/1984,25.84,26.65,61.2,57.8
1984,10,15/10/1984,27.88,28.57,70.0,67.9
1984,11,15/11/1984,27.08,27.64,75.5,73.5
1984,12,15/12/1984,26.35,26.92,80.9,77.1
1985,1,15/01/1985,26.06,26.44,84.9,81.3
1985,2,15/02/1985,27.13,27.41,77.8,75.2
1985,3,15/03/1985,26.84,27.36,81.8,77.3
1985,4,15/04/1985,26.27,26.59,82.6,79.0
1985,5,15/05/1985,25.94,26.61,76.1,72.4
1985,6,15/06/1985,21.97,23.16,68.6,62.3
1985,7,15/07/1985,23.07,24.15,63.5,58.6
1985,8,15/08/1985,24.20,24.63,63.3,61.2
1985,9,15/09/1985,26.41,26.68,68.4,65.1
1985,10,15/10/1985,27.72,28,68.8,66.2
1985,11,15/11/1985,27.48,27.78,72.7,70.0
1985,12,15/12/1985,28.41,28.71,69.9,68.4
1986,1,15/01/1986,27.16,27.54,,75.9
1986,2,15/02/1986,26.57,26.93,,78.4
1986,3,15/03/1986,26.62,26.84,,78.8
1986,4,15/04/1986,27.18,27.79,,72.8
1986,5,15/05/1986,25.59,26.14,,75.7
1986,6,15/06/1986,23.20,24.28,,64.4
1986,7,15/07/1986,23.31,23.98,,59.7
1986,8,15/08/1986,25.89,26.29,,64.4
1986,9,15/09/1986,24.79,25.46,,66.9
1986,10,15/10/1986,26.30,26.03,,66.4
1986,11,15/11/1986,28.51,28.91,,64.1
1986,12,15/12/1986,27.21,27.74,,74.8
1987,1,15/01/1987,27.16,27.77,,75.0
1987,2,15/02/1987,26.61,27.01,,75.8
1987,3,15/03/1987,26.14,26.55,,77.0
1987,4,15/04/1987,27.17,27.7,,75.5
1987,5,15/05/1987,24.59,25.22,,73.2
1987,6,15/06/1987,23.36,23.88,,74.7
1987,7,15/07/1987,24.90,26.45,,58.0
1987,8,15/08/1987,23.86,24.84,,55.4
1987,9,15/09/1987,27.65,27.99,,54.3
1987,10,15/10/1987,28.63,29.06,,65.0
1987,11,15/11/1987,28.00,28.24,,72.9
1987,12,15/12/1987,27.12,27.29,,80.5
1988,1,15/01/1988,27.15,27.43,,81.0
1988,2,15/02/1988,26.64,26.61,,84.5
1988,3,15/03/1988,27.27,27.48,,78.8
1988,4,15/04/1988,26.81,26.92,,82.1
1988,5,15/05/1988,24.46,24.42,,83.3
1988,6,15/06/1988,22.90,23.44,,72.6
1988,7,15/07/1988,20.86,21.9,,62.2
1988,8,15/08/1988,25.18,26.83,,46.8
1988,9,15/09/1988,27.40,28.73,,48.2
1988,10,15/10/1988,28.58,29.14,,58.5
1988,11,15/11/1988,27.71,28.11,,69.4
1988,12,15/12/1988,27.02,27.42,,77.5
1989,1,15/01/1989,26.08,26.51,,79.6
1989,2,15/02/1989,26.37,26.8,,80.4
1989,3,15/03/1989,26.22,26.52,,81.1
1989,4,15/04/1989,26.54,27.11,,78.1
1989,5,15/05/1989,23.89,24.37,,74.7
1989,6,15/06/1989,24.44,25.31,,72.4
1989,7,15/07/1989,21.86,22.94,,65.1
1989,8,15/08/1989,25.10,26.08,,66.5
1989,9,15/09/1989,25.16,26.03,,65.2
1989,10,15/10/1989,27.68,28.52,,60.4
1989,11,15/11/1989,27.88,28.44,,66.9
1989,12,15/12/1989,26.73,26.96,,77.9
1990,1,15/01/1990,,27.52,,75.2
1990,2,15/02/1990,,27.01,,78.4
1990,3,15/03/1990,,27.93,,74.8
1990,4,15/04/1990,,27.41,,74.0
1990,5,15/05/1990,,25.06,,75.6
1990,6,15/06/1990,,23.97,,77.7
1990,7,15/07/1990,,22.09,,68.7
1990,8,15/08/1990,,26.33,,61.7
1990,9,15/09/1990,,25.36,,67.0
1990,10,15/10/1990,,28.8,,67.9
1990,11,15/11/1990,,28.25,,70.9
1990,12,15/12/1990,,27.94,,74.7
1991,1,15/01/1991,,27.41,,77.6
1991,2,15/02/1991,,27.73,,76.2
1991,3,15/03/1991,,26.62,,80.1
1991,4,15/04/1991,,26.65,,77.9
1991,5,15/05/1991,,26.34,,73.1
1991,6,15/06/1991,,24.43,,71.7
1991,7,15/07/1991,,24.08,,61.5
1991,8,15/08/1991,,25.9,,52.7
1991,9,15/09/1991,,28.29,,57.4
1991,10,15/10/1991,,27.76,,67.0
1991,11,15/11/1991,,27.71,,72.9
1991,12,15/12/1991,,27.87,,73.5
1992,1,15/01/1992,,26.95,,79.8
1992,2,15/02/1992,,,,
1992,3,15/03/1992,,,,
1992,4,15/04/1992,,,,
1992,5,15/05/1992,,,,
1992,6,15/06/1992,,22.23,,
1992,7,15/07/1992,,25.04,,64.7
1992,8,15/08/1992,,25.11,,62.8
1992,9,15/09/1992,,27.33,,73.1
1992,10,15/10/1992,,26.84,,72.3
1992,11,15/11/1992,,27.61,,74.3
1992,12,15/12/1992,,27.71,,74.1
1993,1,15/01/1993,,27.71,,73.3
1993,2,15/02/1993,,25.96,,81.2
1993,3,15/03/1993,,,,
1993,4,15/04/1993,,,,
1993,5,15/05/1993,,,,
1993,6,15/06/1993,,24.17,,70.0
1993,7,15/07/1993,,23.55,,59.7
1993,8,15/08/1993,,,,
1993,9,15/09/1993,,27.85,,58.6
1993,10,15/10/1993,,28.6,,63.6
1993,11,15/11/1993,,28.75,,68.5
1993,12,15/12/1993,,28.1,,74.5
1994,1,15/01/1994,,27.79,,75.4
1994,2,15/02/1994,,27.38,,76.4
1994,3,15/03/1994,,27.24,,77.0
1994,4,15/04/1994,,26.73,,75.3
1994,5,15/05/1994,,26.62,,72.9
1994,6,15/06/1994,,25.06,,66.9
1994,7,15/07/1994,,24.01,,62.5
1994,8,15/08/1994,,26.37,,52.7
1994,9,15/09/1994,,28.27,,56.0
1994,10,15/10/1994,,28.87,,64.4
1994,11,15/11/1994,,28.89,,65.9
1994,12,15/12/1994,,26.95,,78.3
1995,1,15/01/1995,,26.5,,77.3
1995,2,15/02/1995,26.28,26.53,88.1,80.6
1995,3,15/03/1995,27.09,27.63,86.6,76.5
1995,4,15/04/1995,25.52,,82.4,
1995,5,15/05/1995,24.72,,84.4,
1995,6,15/06/1995,23.77,24.86,80.7,68.5
1995,7,15/07/1995,24.57,26.28,7.39,61.6
1995,8,15/08/1995,25.01,26.3,67.9,54.3
1995,9,15/09/1995,28.15,28.83,65.3,49.2
1995,10,15/10/1995,28.25,28.46,75.8,64.3
1995,11,15/11/1995,27.41,27.64,79.8,70.8
1995,12,15/12/1995,28.52,27.07,,78.3
1996,1,15/01/1996,,,,76.3
1996,2,15/02/1996,,27.35,,77.0
1996,3,15/03/1996,,27.55,,74.1
1996,4,15/04/1996,,27.19,,74.5
1996,5,15/05/1996,,26.3,,70.8
1996,6,15/06/1996,,22.12,,58.6
1996,7,15/07/1996,,24.52,,55.2
1996,8,15/08/1996,,28.2,,60.3
1996,9,15/09/1996,,27.05,,66.8
1996,10,15/10/1996,,28.18,,74.0
1996,11,15/11/1996,,27.42,,71.9
1996,12,15/12/1996,,28.04,,
1997,1,15/01/1997,,,,
1997,2,15/02/1997,,,,
1997,3,15/03/1997,,,,
1997,4,15/04/1997,,,,
1997,5,15/05/1997,,,,
1997,6,15/06/1997,,,,
1997,7,15/07/1997,,,,
1997,8,15/08/1997,,,,
1997,9,15/09/1997,,,,
1997,10,15/10/1997,,,,
1997,11,15/11/1997,,,,
1997,12,15/12/1997,,,,
1998,1,15/01/1998,28.52,,81.6,
1998,2,15/02/1998,27.86,,85.8,
1998,3,15/03/1998,27.97,,83.6,
1998,4,15/04/1998,27.74,,78.2,
1998,5,15/05/1998,23.92,,8.04,
1998,6,15/06/1998,23.62,,78.6,
1998,7,15/07/1998,25.02,,72.7,
1998,8,15/08/1998,26.11,,76.8,
1998,9,15/09/1998,26.30,,73.1,
1998,10,15/10/1998,28.04,,71.3,
1998,11,15/11/1998,27.95,,76.8,
1998,12,15/12/1998,27.23,,83.6,
1999,1,15/01/1999,27.17,,83.2,
1999,2,15/02/1999,27.44,,82.4,
1999,3,15/03/1999,26.28,,86.9,
1999,4,15/04/1999,26.03,,82.6,
1999,5,15/05/1999,24.68,,81.5,
1999,6,15/06/1999,24.35,,78.3,
1999,7,15/07/1999,23.53,,69.8,
1999,8,15/08/1999,24.88,,55.3,
1999,9,15/09/1999,28.32,,66.9,
1999,10,15/10/1999,28.29,,68.7,
1999,11,15/11/1999,26.97,,81.8,
1999,12,15/12/1999,27.55,,84.5,
2000,1,15/01/2000,27.76,,78.1,
2000,2,15/02/2000,26.99,,83.7,
2000,3,15/03/2000,26.45,,87.4,
2000,4,15/04/2000,26.59,,83.8,
2000,5,15/05/2000,25.23,,75.5,
2000,6,15/06/2000,24.40,,65.1,
2000,7,15/07/2000,21.90,,64.1,
2000,8,15/08/2000,26.84,,67.2,
2000,9,15/09/2000,26.73,,73.2,
2000,10,15/10/2000,28.22,,73.8,
2000,11,15/11/2000,27.34,,76.7,
2000,12,15/12/2000,27.52,,74.8,
2001,1,15/01/2001,26.92,,,
2001,2,15/02/2001,27.41,,,
2001,3,15/03/2001,26.58,,,
2001,4,15/04/2001,27.34,,,
2001,5,15/05/2001,24.24,,,
2001,6,15/06/2001,22.96,,,
2001,7,15/07/2001,24.82,26.89,,57.8
2001,8,15/08/2001,26.88,29.82,,41.4
2001,9,15/09/2001,27.92,30.18,,50.5
2001,10,15/10/2001,27.73,29.73,,59.8
2001,11,15/11/2001,27.16,29.17,,67.7
2001,12,15/12/2001,26.38,27.94,,74.1
2002,1,15/01/2002,27.40,29.09,79.7,69.9
2002,2,15/02/2002,26.46,28.36,86.5,73.2
2002,3,15/03/2002,27.01,29.24,81.6,68.6
2002,4,15/04/2002,27.12,29.48,78.4,65.5
2002,5,15/05/2002,25.91,28.36,77.2,64.7
2002,6,15/06/2002,23.34,25.65,74.2,61.7
2002,7,15/07/2002,24.05,26.46,69.8,57.2
2002,8,15/08/2002,27.20,29.65,61.1,48.1
2002,9,15/09/2002,26.83,29.16,61.4,51.9
2002,10,15/10/2002,29.34,29.97,61.1,57.9
2002,11,15/11/2002,28.65,28.51,69.5,66.5
2002,12,15/12/2002,27.90,27.49,7.6,75.2
2003,1,15/01/2003,27.01,26.62,83.5,80.0
2003,2,15/02/2003,26.67,26.2,81.1,78.4
2003,3,15/03/2003,23.35,26.26,83.4,79.9
2003,4,15/04/2003,25.97,25.79,78.9,77.4
2003,5,15/05/2003,24.88,25.07,81.1,71.1
2003,6,15/06/2003,24.13,24.91,76.9,65.7
2003,7,15/07/2003,23.18,24.09,73.5,57.4
2003,8,15/08/2003,24.33,25.26,58.9,50.5
2003,9,15/09/2003,27.20,27.3,61.2,56.5
2003,10,15/10/2003,27.50,27.43,74.9,67.2
2003,11,15/11/2003,27.23,26.69,76.8,71.9
2003,12,15/12/2003,28.08,27.51,76.1,73.8
2004,1,15/01/2004,27.22,26.58,83.6,79.8
2004,2,15/02/2004,27.05,27.51,845.6,76.3
2004,3,15/03/2004,27.70,27.2,8.0,79.0
2004,4,15/04/2004,27.02,28.85,80.4,70.1
2004,5,15/05/2004,23.34,23.66,84.0,76.1
2004,6,15/06/2004,23.74,23.98,71.1,64.3
2004,7,15/07/2004,23.48,23.17,71.6,66.4
2004,8,15/08/2004,25.26,25.72,60.6,51.4
2004,9,15/09/2004,27.54,28.51,56.4,45.6
2004,10,15/10/2004,28.25,28.13,66.7,62.5
2004,11,15/11/2004,27.20,27.5,75.3,70.0
2004,12,15/12/2004,27.83,27.33,72.6,72.0
2005,1,15/01/2005,,26.86,,78.6
2005,2,15/02/2005,,27.2,,74.8
2005,3,15/03/2005,,26.59,,78.7
2005,4,15/04/2005,,25.97,,75.0
2005,5,15/05/2005,,26.34,,67.0
2005,6,15/06/2005,,26.74,,56.6
2005,7,15/07/2005,23.85,23.62,61.4,54.9
2005,8,15/08/2005,26.28,27,52.9,40.6
2005,9,15/09/2005,25.79,25.32,62.6,57.7
2005,10,15/10/2005,28.26,27.6,69.5,67.5
2005,11,15/11/2005,27.87,27.41,73.4,70.8
2005,12,15/12/2005,27.73,26.87,75.8,73.3
2006,1,15/01/2006,27.22,26.75,78.3,75.2
2006,2,15/02/2006,27.06,26.54,81.8,78.0
2006,3,15/03/2006,26.94,26.49,84.0,79.8
2006,4,15/04/2006,26.13,22.99,82.1,79.2
2006,5,15/05/2006,22.97,25.93,72.8,69.9
2006,6,15/06/2006,24.81,26.15,67.2,58.7
2006,7,15/07/2006,,25.78,,52.1
2006,8,15/08/2006,27.22,27.08,529.4,48.1
2006,9,15/09/2006,26.49,28.55,64.9,58.4
2006,10,15/10/2006,27.46,28.72,7.63,66.3
2006,11,15/11/2006,28.41,29.98,68.3,65.8
2006,12,15/12/2006,27.31,29.05,78.8,72.5
2007,1,15/01/2007,27.61,29.58,78.7,69.6
2007,2,15/02/2007,26.89,28.77,80.3,72.0
2007,3,15/03/2007,27.43,29.56,76.5,67.8
2007,4,15/04/2007,27.44,29.82,74.5,67.3
2007,5,15/05/2007,23.61,24.69,74.7,69.3
2007,6,15/06/2007,23.89,24.39,71.8,63.9
2007,7,15/07/2007,23.45,23.42,66.2,60.7
2007,8,15/08/2007,24.26,24.56,58.2,50.4
2007,9,15/09/2007,28.50,29.44,530.63,41.2
2007,10,15/10/2007,28.06,28.33,6.8,61.0
2007,11,15/11/2007,27.18,26.77,76.2,73.7
2007,12,15/12/2007,27.16,26.45,77.0,78.6
2008,1,15/01/2008,26.42,26.07,82.0,79.5
2008,2,15/02/2008,26.92,26.62,79.4,75.6
2008,3,15/03/2008,26.80,26.49,82.3,78.0
2008,4,15/04/2008,,25.52,,77.6
2008,5,15/05/2008,,23.58,,73.8
2008,6,15/06/2008,,22.94,,72.1
2008,7,15/07/2008,,25.47,,48.6
2008,8,15/08/2008,,28.01,,44.7
2008,9,15/09/2008,,27.32,,47.5
2008,10,15/10/2008,,28.15,,61.7
2008,11,15/11/2008,,28.19,,65.9
2008,12,15/12/2008,,26.94,,72.5
2009,1,15/01/2009,,27.23,,69.2
2009,2,15/02/2009,,26.68,,75.7
2009,3,15/03/2009,,25.97,,79.4
2009,4,15/04/2009,,26.46,,75.2
2009,5,15/05/2009,25.52,25.44,74.7,72.7
2009,6,15/06/2009,22.62,22.79,76.3,72.1
2009,7,15/07/2009,23.90,23.2,71.0,82.0
2009,8,15/08/2009,25.66,25.97,62.1,55.8
2009,9,15/09/2009,27.08,27.05,64.0,60.0
2009,10,15/10/2009,28.72,28.21,67.5,64.7
2009,11,15/11/2009,28.24,27.95,73.8,69.8
2009,12,15/12/2009,,26.77,78.6,74.7
2010,1,15/01/2010,26.91,26.95,79.2,75.1
2010,2,15/02/2010,27.48,27.47,78.2,74.1
2010,3,15/03/2010,27.91,27.36,77.8,75.5
2010,4,15/04/2010,26.58,26.55,74.8,70.7
2010,5,15/05/2010,23.66,23.8,73.0,69.1
2010,6,15/06/2010,24.71,25.08,65.0,59.9
2010,7,15/07/2010,22.82,23.09,64.1,56.2
2010,8,15/08/2010,24.73,25.8,53.4,42.7
2010,9,15/09/2010,29.37,30.05,54.1,41.6
2010,10,15/10/2010,28.71,28.4,63.8,58.3
2010,11,15/11/2010,27.04,26.72,75.8,68.7
2010,12,15/12/2010,27.64,27.37,76.3,68.1
2011,1,15/01/2011,26.82,26.21,81.1,76.7
2011,2,15/02/2011,26.82,26.26,816,76.4
2011,3,15/03/2011,26.75,25.91,82.8,79.5
2011,4,15/04/2011,27.46,26.89,75.5,72.5
2011,5,15/05/2011,24.76,24.48,72.4,68.5
2011,6,15/06/2011,24.01,24.3,73.8,63.0
2011,7,15/07/2011,24.27,24.78,67.1,56.5
2011,8,15/08/2011,26.02,26.05,61.0,45.9
2011,9,15/09/2011,28.96,23.4,57.3,49.0
2011,10,15/10/2011,28.57,,65.8,
2011,11,15/11/2011,28.57,27.99,66.0,61.1
2011,12,15/12/2011,27.38,26.88,75.4,69.4
2012,1,15/01/2012,26.61,26.04,8.3,73.9
2012,2,15/02/2012,26.71,25.98,80.1,73.7
2012,3,15/03/2012,26.69,25.79,78.8,74.1
2012,4,15/04/2012,27.55,26.16,76.8,74.3
2012,5,15/05/2012,25.20,24.56,74.2,70.9
2012,6,15/06/2012,24.25,23.4,78.3,71.4
2012,7,15/07/2012,23.52,22.97,67.8,62.5
2012,8,15/08/2012,25.82,26,50.2,44.5
2012,9,15/09/2012,28.63,28.79,48.7,43.5
2012,10,15/10/2012,29.37,28.62,58.2,58.4
2012,11,15/11/2012,,26.54,74.2,73.5
2012,12,15/12/2012,,27.04,71.7,70.8
2013,1,15/01/2013,,26.12,80.9,76.9
2013,2,15/02/2013,,25.96,81.7,75.8
2013,3,15/03/2013,27.48,26.57,79.2,75.1
2013,4,15/04/2013,26.71,25.38,75.6,74.3
2013,5,15/05/2013,25.62,24.79,72.1,70.3
2013,6,15/06/2013,26.09,25.26,71.8,70.1
2013,7,15/07/2013,23.98,23.49,64.2,59.2
2013,8,15/08/2013,24.22,24.2,51.6,42.7
2013,9,15/09/2013,28.38,27.54,57.1,48.7
2013,10,15/10/2013,28.26,26.79,67.0,66.1
2013,11,15/11/2013,28.05,26.7,73.3,70.6
2013,12,15/12/2013,27.40,26.18,7.6,75.2
2014,1,15/01/2014,26.48,25.41,77.5,76.1
2014,2,15/02/2014,26.35,25.24,79.5,78.3
2014,3,15/03/2014,27.14,26.04,78.1,77.1
2014,4,15/04/2014,27.05,25.87,77.5,77.8
2014,5,15/05/2014,25.23,24.16,73.9,75.5
2014,6,15/06/2014,24.56,24.11,72.6,71.8
2014,7,15/07/2014,23.31,23.08,70.7,69.2
2014,8,15/08/2014,26.45,27.09,55.1,54.1
2014,9,15/09/2014,29.47,29.8,58.7,56.2
2014,10,15/10/2014,29.43,29.77,67.4,59.1
2014,11,15/11/2014,28.53,28.26,69.8,68.4
2014,12,15/12/2014,27.44,26.49,74.8,78.5
2015,1,15/01/2015,27.55,26.7,73.3,75.6
2015,2,15/02/2015,27.34,26.22,76.6,79.8
2015,3,15/03/2015,27.16,26.3,77.8,80.7
2015,4,15/04/2015,27.07,26.41,78.0,80.5
2015,5,15/05/2015,26.32,25.67,75.2,78.1
2015,6,15/06/2015,24.98,24.99,67.7,68.4
2015,7,15/07/2015,24.52,24.61,67.8,64.5
2015,8,15/08/2015,27.61,28.43,50.1,42.9
2015,9,15/09/2015,29.85,29.72,52.8,49.8
2015,10,15/10/2015,,29.13,61.8,59.9
2015,11,15/11/2015,,28.54,71.5,68.4
2015,12,15/12/2015,,28.42,68.7,68.4
2016,1,15/01/2016,,26.94,80.2,78.9
2016,2,15/02/2016,,27.92,73.4,73.5
2016,3,15/03/2016,,27.01,77.1,77.4
2016,4,15/04/2016,27.11,26.97,70.4,70.8
2016,5,15/05/2016,25.47,25.04,73.4,73.9
2016,6,15/06/2016,22.98,22.86,71.5,71.4
2016,7,15/07/2016,23.93,25.48,62.4,53.3
2016,8,15/08/2016,26.19,23.84,62.9,61.7
2016,9,15/09/2016,27.11,26.06,56.9,57.2
2016,10,15/10/2016,28.04,27.7,62.5,63.4
2016,11,15/11/2016,27.07,26.54,76.5,74.6
2016,12,15/12/2016,27.31,26.61,77.8,76.1
2017,1,15/01/2017,27.21,26.81,75.3,75.7
2017,2,15/02/2017,27.10,26.58,77.1,78.2
2017,3,15/03/2017,27.38,26.92,76.2,80.6
2017,4,15/04/2017,27.14,26.49,75.5,80.9
2017,5,15/05/2017,27.06,26.71,74.3,79.0
2017,6,15/06/2017,24.13,24.27,68.1,68.0
2017,7,15/07/2017,23.33,23.75,54.4,50.8
2017,8,15/08/2017,27.33,27.72,54.1,50.3
2017,9,15/09/2017,29.08,29.42,48.4,43.8
2017,10,15/10/2017,28.46,27.99,64.3,65.1
2017,11,15/11/2017,28.72,28.14,72.1,72.0
2017,12,15/12/2017,27.63,27.07,75.4,79.3
2018,1,15/01/2018,27.42,26.86,76.5,79.4
2018,2,15/02/2018,27.26,26.84,78.7,80.8
2018,3,15/03/2018,27.72,,80.9,
2018,4,15/04/2018,26.92,,75.1,
2018,5,15/05/2018,25.31,,69.3,
2018,6,15/06/2018,22.66,,73.9,
2018,7,15/07/2018,23.74,,64.4,
